{
  "n_samples": 40,
  "heights_tested": [
    1.0,
    1.5,
    2.0,
    2.5,
    3.0,
    3.5,
    4.0,
    4.5,
    5.0
  ],
  "per_height": {
    "1.0": {
      "straight": {
        "miss_mean": 0.6469749212265015,
        "miss_std": 0.13131941854953766,
        "fp_mean": 0.25572553277015686,
        "fp_std": 0.18583743274211884,
        "conf_mean": 0.5641599893569946,
        "conf_std": 0.10978212207555771,
        "n": 40
      },
      "tilt": {
        "miss_mean": 0.7721198201179504,
        "miss_std": 0.14883898198604584,
        "fp_mean": 0.5098057985305786,
        "fp_std": 0.2444833666086197,
        "conf_mean": 0.5629763007164001,
        "conf_std": 0.09563720226287842,
        "n": 40
      }
    },
    "1.5": {
      "straight": {
        "miss_mean": 0.5908129811286926,
        "miss_std": 0.1899162083864212,
        "fp_mean": 0.2890019118785858,
        "fp_std": 0.19808456301689148,
        "conf_mean": 0.5649067163467407,
        "conf_std": 0.07792823761701584,
        "n": 40
      },
      "tilt": {
        "miss_mean": 0.598703145980835,
        "miss_std": 0.18577107787132263,
        "fp_mean": 0.3185828626155853,
        "fp_std": 0.2144058793783188,
        "conf_mean": 0.5530296564102173,
        "conf_std": 0.08571010082960129,
        "n": 40
      }
    },
    "2.0": {
      "straight": {
        "miss_mean": 0.6112014055252075,
        "miss_std": 0.17769771814346313,
        "fp_mean": 0.32041653990745544,
        "fp_std": 0.1832170933485031,
        "conf_mean": 0.5508460998535156,
        "conf_std": 0.0739336758852005,
        "n": 40
      },
      "tilt": {
        "miss_mean": 0.6852908134460449,
        "miss_std": 0.1769792139530182,
        "fp_mean": 0.3779143691062927,
        "fp_std": 0.22353743016719818,
        "conf_mean": 0.5689247846603394,
        "conf_std": 0.09773863852024078,
        "n": 40
      }
    },
    "2.5": {
      "straight": {
        "miss_mean": 0.6175808310508728,
        "miss_std": 0.1734439730644226,
        "fp_mean": 0.3171394467353821,
        "fp_std": 0.16832463443279266,
        "conf_mean": 0.5225142240524292,
        "conf_std": 0.08385614305734634,
        "n": 40
      },
      "tilt": {
        "miss_mean": 0.8548857569694519,
        "miss_std": 0.1039501428604126,
        "fp_mean": 0.6825575828552246,
        "fp_std": 0.2203870266675949,
        "conf_mean": 0.534758448600769,
        "conf_std": 0.08430776000022888,
        "n": 40
      }
    },
    "3.0": {
      "straight": {
        "miss_mean": 0.645318865776062,
        "miss_std": 0.14590653777122498,
        "fp_mean": 0.32029810547828674,
        "fp_std": 0.16678403317928314,
        "conf_mean": 0.48388510942459106,
        "conf_std": 0.07067665457725525,
        "n": 40
      },
      "tilt": {
        "miss_mean": 0.9426530599594116,
        "miss_std": 0.06055615469813347,
        "fp_mean": 0.864723801612854,
        "fp_std": 0.1334129422903061,
        "conf_mean": 0.494696706533432,
        "conf_std": 0.06061411648988724,
        "n": 40
      }
    },
    "3.5": {
      "straight": {
        "miss_mean": 0.7088643312454224,
        "miss_std": 0.15052372217178345,
        "fp_mean": 0.30720391869544983,
        "fp_std": 0.19413387775421143,
        "conf_mean": 0.4729359745979309,
        "conf_std": 0.10027767717838287,
        "n": 40
      },
      "tilt": {
        "miss_mean": 0.9864646196365356,
        "miss_std": 0.02365073375403881,
        "fp_mean": 0.9370328187942505,
        "fp_std": 0.1646493822336197,
        "conf_mean": 0.4526504576206207,
        "conf_std": 0.10484752058982849,
        "n": 40
      }
    },
    "4.0": {
      "straight": {
        "miss_mean": 0.7410569190979004,
        "miss_std": 0.12058399617671967,
        "fp_mean": 0.36133480072021484,
        "fp_std": 0.22235147655010223,
        "conf_mean": 0.4545820653438568,
        "conf_std": 0.07892844825983047,
        "n": 40
      },
      "tilt": {
        "miss_mean": 0.9943304061889648,
        "miss_std": 0.017199181020259857,
        "fp_mean": 0.9558035731315613,
        "fp_std": 0.16558901965618134,
        "conf_mean": 0.42321521043777466,
        "conf_std": 0.10923344641923904,
        "n": 40
      }
    },
    "4.5": {
      "straight": {
        "miss_mean": 0.791092574596405,
        "miss_std": 0.13294151425361633,
        "fp_mean": 0.39050596952438354,
        "fp_std": 0.2450522929430008,
        "conf_mean": 0.43526679277420044,
        "conf_std": 0.10691197216510773,
        "n": 40
      },
      "tilt": {
        "miss_mean": 1.0,
        "miss_std": 0.0,
        "fp_mean": 0.925000011920929,
        "fp_std": 0.2633913457393646,
        "conf_mean": 0.41335946321487427,
        "conf_std": 0.16471000015735626,
        "n": 40
      }
    },
    "5.0": {
      "straight": {
        "miss_mean": 0.8301315307617188,
        "miss_std": 0.1044827252626419,
        "fp_mean": 0.37788692116737366,
        "fp_std": 0.2977796792984009,
        "conf_mean": 0.4249863624572754,
        "conf_std": 0.12043875455856323,
        "n": 40
      },
      "tilt": {
        "miss_mean": 1.0,
        "miss_std": 0.0,
        "fp_mean": 0.8500000238418579,
        "fp_std": 0.3570714294910431,
        "conf_mean": 0.35741743445396423,
        "conf_std": 0.18121664226055145,
        "n": 40
      }
    }
  },
  "domain_adaptation": {
    "pretrained_native": {
      "mean": 0.38781850459482037,
      "std": 0.057742898780240776
    },
    "pretrained_3m": {
      "mean": 0.33121677299308877,
      "std": 0.06545468832227704
    },
    "finetuned_3m": {
      "mean": 0.26347260195944405,
      "std": 0.10320953863011849
    }
  }
}