{
  "pretrained_native": {
    "mean": 0.38781850459482037,
    "std": 0.057742898780240776
  },
  "pretrained_3m": {
    "mean": 0.33121677299308877,
    "std": 0.06545468832227704
  },
  "finetuned_3m": {
    "mean": 0.26347260195944405,
    "std": 0.10320953863011849
  }
}